{"cameraMode":{"drawMode":0,"name":"Shaded","section":"Shading Mode"},"sceneLighting":false,"audioPlay":false,"sceneViewState":{"m_AlwaysRefresh":false,"showFog":true,"showSkybox":false,"showFlares":true,"showImageEffects":true,"showParticleSystems":true,"showVisualEffectGraphs":true,"m_FxEnabled":true},"in2DMode":false,"pivot":{"x":0.9440679550170898,"y":0.0659501850605011,"z":-0.09827196598052979},"rotation":{"x":-0.5752291083335877,"y":-0.34189388155937197,"z":0.28686320781707766,"w":-0.6855550408363342},"size":17.721960067749025,"orthographic":false}